{"cameraMode":{"drawMode":0,"name":"Shaded","section":"Shading Mode"},"sceneLighting":false,"audioPlay":false,"sceneViewState":{"m_AlwaysRefresh":false,"showFog":true,"showSkybox":false,"showFlares":true,"showImageEffects":true,"showParticleSystems":true,"showVisualEffectGraphs":true,"m_FxEnabled":true},"in2DMode":false,"pivot":{"x":-0.3189741373062134,"y":-0.5236972570419312,"z":5.806203842163086},"rotation":{"x":0.47683972120285036,"y":0.1718781292438507,"z":-0.09566774219274521,"w":0.8566974401473999},"size":0.9528319835662842,"orthographic":false}